C:\Keras-retinanet-Training-on-custom-datasets-for-Object-Detection--master\dataset\images\12.jpg,397,370,574,411,Scratch
C:\Keras-retinanet-Training-on-custom-datasets-for-Object-Detection--master\dataset\images\56.jpg,354,330,475,431,Pitting
C:\Keras-retinanet-Training-on-custom-datasets-for-Object-Detection--master\dataset\images\301.jpg,106,217,129,259,Scratch
C:\Keras-retinanet-Training-on-custom-datasets-for-Object-Detection--master\dataset\images\301.jpg,64,234,102,277,Scratch
C:\Keras-retinanet-Training-on-custom-datasets-for-Object-Detection--master\dataset\images\301.jpg,216,230,246,283,Scratch
C:\Keras-retinanet-Training-on-custom-datasets-for-Object-Detection--master\dataset\images\301.jpg,255,237,277,254,Pierced
C:\Keras-retinanet-Training-on-custom-datasets-for-Object-Detection--master\dataset\images\301.jpg,184,236,209,254,Pierced
C:\Keras-retinanet-Training-on-custom-datasets-for-Object-Detection--master\dataset\images\301.jpg,173,255,190,272,Pierced
C:\Keras-retinanet-Training-on-custom-datasets-for-Object-Detection--master\dataset\images\301.jpg,152,233,178,254,Pierced
C:\Keras-retinanet-Training-on-custom-datasets-for-Object-Detection--master\dataset\images\301.jpg,126,226,153,244,Pierced
C:\Keras-retinanet-Training-on-custom-datasets-for-Object-Detection--master\dataset\images\55.jpg,441,309,563,387,Pitting
C:\Keras-retinanet-Training-on-custom-datasets-for-Object-Detection--master\dataset\images\98.jpg,548,332,573,349,Pierced
C:\Keras-retinanet-Training-on-custom-datasets-for-Object-Detection--master\dataset\images\98.jpg,587,323,650,364,Scratch
C:\Keras-retinanet-Training-on-custom-datasets-for-Object-Detection--master\dataset\images\98.jpg,686,292,766,344,Scratch
C:\Keras-retinanet-Training-on-custom-datasets-for-Object-Detection--master\dataset\images\133.jpg,397,416,420,430,Pierced
C:\Keras-retinanet-Training-on-custom-datasets-for-Object-Detection--master\dataset\images\133.jpg,653,350,711,388,Pitting
C:\Keras-retinanet-Training-on-custom-datasets-for-Object-Detection--master\dataset\images\133.jpg,587,384,614,411,Scratch
C:\Keras-retinanet-Training-on-custom-datasets-for-Object-Detection--master\dataset\images\133.jpg,553,387,580,413,Scratch
C:\Keras-retinanet-Training-on-custom-datasets-for-Object-Detection--master\dataset\images\133.jpg,534,389,548,430,Scratch
C:\Keras-retinanet-Training-on-custom-datasets-for-Object-Detection--master\dataset\images\133.jpg,479,391,511,430,Scratch
C:\Keras-retinanet-Training-on-custom-datasets-for-Object-Detection--master\dataset\images\133.jpg,312,403,402,455,Scratch
C:\Keras-retinanet-Training-on-custom-datasets-for-Object-Detection--master\dataset\images\133.jpg,236,418,294,458,Pitting
C:\Keras-retinanet-Training-on-custom-datasets-for-Object-Detection--master\dataset\images\133.jpg,139,434,181,479,Pitting
C:\Keras-retinanet-Training-on-custom-datasets-for-Object-Detection--master\dataset\images\133.jpg,19,447,117,490,Pitting
C:\Keras-retinanet-Training-on-custom-datasets-for-Object-Detection--master\dataset\images\120.jpg,234,473,368,530,Pitting
C:\Keras-retinanet-Training-on-custom-datasets-for-Object-Detection--master\dataset\images\120.jpg,567,413,642,427,Scratch
C:\Keras-retinanet-Training-on-custom-datasets-for-Object-Detection--master\dataset\images\120.jpg,705,393,730,415,Pierced
C:\Keras-retinanet-Training-on-custom-datasets-for-Object-Detection--master\dataset\images\120.jpg,875,335,903,351,Pierced
C:\Keras-retinanet-Training-on-custom-datasets-for-Object-Detection--master\dataset\images\130.jpg,63,243,116,287,Pitting
C:\Keras-retinanet-Training-on-custom-datasets-for-Object-Detection--master\dataset\images\130.jpg,133,255,236,305,Pitting
C:\Keras-retinanet-Training-on-custom-datasets-for-Object-Detection--master\dataset\images\130.jpg,242,287,301,331,Pitting
C:\Keras-retinanet-Training-on-custom-datasets-for-Object-Detection--master\dataset\images\130.jpg,311,282,393,339,Pitting
C:\Keras-retinanet-Training-on-custom-datasets-for-Object-Detection--master\dataset\images\130.jpg,430,311,484,349,Pitting
C:\Keras-retinanet-Training-on-custom-datasets-for-Object-Detection--master\dataset\images\130.jpg,497,321,548,362,Pitting
C:\Keras-retinanet-Training-on-custom-datasets-for-Object-Detection--master\dataset\images\130.jpg,597,339,637,372,Pitting
C:\Keras-retinanet-Training-on-custom-datasets-for-Object-Detection--master\dataset\images\130.jpg,667,348,719,387,Pitting
C:\Keras-retinanet-Training-on-custom-datasets-for-Object-Detection--master\dataset\images\130.jpg,761,367,822,405,Pitting
C:\Keras-retinanet-Training-on-custom-datasets-for-Object-Detection--master\dataset\images\130.jpg,845,379,887,412,Pitting
C:\Keras-retinanet-Training-on-custom-datasets-for-Object-Detection--master\dataset\images\130.jpg,555,333,579,353,Pierced
C:\Keras-retinanet-Training-on-custom-datasets-for-Object-Detection--master\dataset\images\266.jpg,245,312,558,562,Scratch
C:\Keras-retinanet-Training-on-custom-datasets-for-Object-Detection--master\dataset\images\26.jpg,504,339,542,424,Pitting
C:\Keras-retinanet-Training-on-custom-datasets-for-Object-Detection--master\dataset\images\257.jpg,352,360,370,377,Pierced
C:\Keras-retinanet-Training-on-custom-datasets-for-Object-Detection--master\dataset\images\257.jpg,478,326,499,344,Pierced
C:\Keras-retinanet-Training-on-custom-datasets-for-Object-Detection--master\dataset\images\143.jpg,738,295,766,341,Scratch
C:\Keras-retinanet-Training-on-custom-datasets-for-Object-Detection--master\dataset\images\143.jpg,524,348,573,382,Pitting
C:\Keras-retinanet-Training-on-custom-datasets-for-Object-Detection--master\dataset\images\143.jpg,22,493,44,513,Pierced
C:\Keras-retinanet-Training-on-custom-datasets-for-Object-Detection--master\dataset\images\143.jpg,401,395,426,413,Pierced
C:\Keras-retinanet-Training-on-custom-datasets-for-Object-Detection--master\dataset\images\31.jpg,352,316,469,387,Scratch
C:\Keras-retinanet-Training-on-custom-datasets-for-Object-Detection--master\dataset\images\111.jpg,756,477,783,499,Pierced
C:\Keras-retinanet-Training-on-custom-datasets-for-Object-Detection--master\dataset\images\111.jpg,92,395,118,419,Pierced
C:\Keras-retinanet-Training-on-custom-datasets-for-Object-Detection--master\dataset\images\111.jpg,671,471,701,488,Pierced
C:\Keras-retinanet-Training-on-custom-datasets-for-Object-Detection--master\dataset\images\111.jpg,130,403,194,443,Scratch
C:\Keras-retinanet-Training-on-custom-datasets-for-Object-Detection--master\dataset\images\111.jpg,224,411,291,440,Scratch
C:\Keras-retinanet-Training-on-custom-datasets-for-Object-Detection--master\dataset\images\111.jpg,601,449,627,501,Scratch
C:\Keras-retinanet-Training-on-custom-datasets-for-Object-Detection--master\dataset\images\111.jpg,367,427,500,495,Scratch
C:\Keras-retinanet-Training-on-custom-datasets-for-Object-Detection--master\dataset\images\33.jpg,350,327,487,401,Scratch
C:\Keras-retinanet-Training-on-custom-datasets-for-Object-Detection--master\dataset\images\221.jpg,58,336,220,375,Pitting
C:\Keras-retinanet-Training-on-custom-datasets-for-Object-Detection--master\dataset\images\221.jpg,423,328,490,359,Scratch
C:\Keras-retinanet-Training-on-custom-datasets-for-Object-Detection--master\dataset\images\221.jpg,559,343,589,360,Pierced
C:\Keras-retinanet-Training-on-custom-datasets-for-Object-Detection--master\dataset\images\221.jpg,744,321,769,343,Pierced
C:\Keras-retinanet-Training-on-custom-datasets-for-Object-Detection--master\dataset\images\208.jpg,232,339,255,356,Pierced
C:\Keras-retinanet-Training-on-custom-datasets-for-Object-Detection--master\dataset\images\208.jpg,259,322,280,341,Pierced
C:\Keras-retinanet-Training-on-custom-datasets-for-Object-Detection--master\dataset\images\208.jpg,205,316,228,334,Pierced
C:\Keras-retinanet-Training-on-custom-datasets-for-Object-Detection--master\dataset\images\208.jpg,160,325,189,348,Pierced
C:\Keras-retinanet-Training-on-custom-datasets-for-Object-Detection--master\dataset\images\208.jpg,362,315,709,356,Scratch
C:\Keras-retinanet-Training-on-custom-datasets-for-Object-Detection--master\dataset\images\208.jpg,199,340,224,355,Pierced
C:\Keras-retinanet-Training-on-custom-datasets-for-Object-Detection--master\dataset\images\219.jpg,605,70,916,264,Scratch
C:\Keras-retinanet-Training-on-custom-datasets-for-Object-Detection--master\dataset\images\219.jpg,513,279,534,294,Pierced
C:\Keras-retinanet-Training-on-custom-datasets-for-Object-Detection--master\dataset\images\219.jpg,496,306,521,321,Pierced
C:\Keras-retinanet-Training-on-custom-datasets-for-Object-Detection--master\dataset\images\219.jpg,465,319,491,336,Pierced
C:\Keras-retinanet-Training-on-custom-datasets-for-Object-Detection--master\dataset\images\219.jpg,434,328,454,349,Pierced
C:\Keras-retinanet-Training-on-custom-datasets-for-Object-Detection--master\dataset\images\219.jpg,463,300,487,317,Pierced
C:\Keras-retinanet-Training-on-custom-datasets-for-Object-Detection--master\dataset\images\219.jpg,448,303,479,313,Pitting
C:\Keras-retinanet-Training-on-custom-datasets-for-Object-Detection--master\dataset\images\241.jpg,33,284,54,307,Pierced
C:\Keras-retinanet-Training-on-custom-datasets-for-Object-Detection--master\dataset\images\241.jpg,591,305,728,341,Scratch
C:\Keras-retinanet-Training-on-custom-datasets-for-Object-Detection--master\dataset\images\27.jpg,447,315,504,397,Pitting
C:\Keras-retinanet-Training-on-custom-datasets-for-Object-Detection--master\dataset\images\103.jpg,573,359,604,388,Pierced
C:\Keras-retinanet-Training-on-custom-datasets-for-Object-Detection--master\dataset\images\103.jpg,607,364,667,407,Scratch
C:\Keras-retinanet-Training-on-custom-datasets-for-Object-Detection--master\dataset\images\103.jpg,716,358,804,396,Scratch
C:\Keras-retinanet-Training-on-custom-datasets-for-Object-Detection--master\dataset\images\11.jpg,418,414,596,479,Scratch
C:\Keras-retinanet-Training-on-custom-datasets-for-Object-Detection--master\dataset\images\206.jpg,856,318,879,339,Pierced
C:\Keras-retinanet-Training-on-custom-datasets-for-Object-Detection--master\dataset\images\206.jpg,808,328,832,349,Pierced
C:\Keras-retinanet-Training-on-custom-datasets-for-Object-Detection--master\dataset\images\206.jpg,778,342,800,363,Pierced
C:\Keras-retinanet-Training-on-custom-datasets-for-Object-Detection--master\dataset\images\206.jpg,734,334,756,357,Pierced
C:\Keras-retinanet-Training-on-custom-datasets-for-Object-Detection--master\dataset\images\206.jpg,433,340,560,417,Pitting
C:\Keras-retinanet-Training-on-custom-datasets-for-Object-Detection--master\dataset\images\206.jpg,751,317,798,385,Scratch
C:\Keras-retinanet-Training-on-custom-datasets-for-Object-Detection--master\dataset\images\286.jpg,332,258,473,331,Pitting
C:\Keras-retinanet-Training-on-custom-datasets-for-Object-Detection--master\dataset\images\35.jpg,348,325,474,383,Scratch
C:\Keras-retinanet-Training-on-custom-datasets-for-Object-Detection--master\dataset\images\76.jpg,422,401,455,440,Scratch
C:\Keras-retinanet-Training-on-custom-datasets-for-Object-Detection--master\dataset\images\76.jpg,611,369,667,403,Scratch
C:\Keras-retinanet-Training-on-custom-datasets-for-Object-Detection--master\dataset\images\166.jpg,578,98,609,117,Pierced
C:\Keras-retinanet-Training-on-custom-datasets-for-Object-Detection--master\dataset\images\166.jpg,753,60,776,82,Pierced
C:\Keras-retinanet-Training-on-custom-datasets-for-Object-Detection--master\dataset\images\166.jpg,414,93,477,123,Scratch
C:\Keras-retinanet-Training-on-custom-datasets-for-Object-Detection--master\dataset\images\87.jpg,236,326,283,370,Scratch
C:\Keras-retinanet-Training-on-custom-datasets-for-Object-Detection--master\dataset\images\87.jpg,687,434,771,475,Scratch
C:\Keras-retinanet-Training-on-custom-datasets-for-Object-Detection--master\dataset\images\202.jpg,691,285,715,304,Pierced
C:\Keras-retinanet-Training-on-custom-datasets-for-Object-Detection--master\dataset\images\202.jpg,649,307,671,327,Pierced
C:\Keras-retinanet-Training-on-custom-datasets-for-Object-Detection--master\dataset\images\202.jpg,620,325,641,348,Pierced
C:\Keras-retinanet-Training-on-custom-datasets-for-Object-Detection--master\dataset\images\202.jpg,579,331,595,350,Pierced
C:\Keras-retinanet-Training-on-custom-datasets-for-Object-Detection--master\dataset\images\202.jpg,596,301,634,372,Scratch
C:\Keras-retinanet-Training-on-custom-datasets-for-Object-Detection--master\dataset\images\202.jpg,286,368,415,488,Pitting
C:\Keras-retinanet-Training-on-custom-datasets-for-Object-Detection--master\dataset\images\248.jpg,86,386,110,406,Pierced
C:\Keras-retinanet-Training-on-custom-datasets-for-Object-Detection--master\dataset\images\248.jpg,625,243,750,306,Scratch
C:\Keras-retinanet-Training-on-custom-datasets-for-Object-Detection--master\dataset\images\244.jpg,630,341,765,365,Scratch
C:\Keras-retinanet-Training-on-custom-datasets-for-Object-Detection--master\dataset\images\244.jpg,65,258,92,277,Pierced
C:\Keras-retinanet-Training-on-custom-datasets-for-Object-Detection--master\dataset\images\187.jpg,126,284,148,301,Pierced
C:\Keras-retinanet-Training-on-custom-datasets-for-Object-Detection--master\dataset\images\187.jpg,703,358,722,375,Pierced
C:\Keras-retinanet-Training-on-custom-datasets-for-Object-Detection--master\dataset\images\187.jpg,781,366,801,386,Pierced
C:\Keras-retinanet-Training-on-custom-datasets-for-Object-Detection--master\dataset\images\187.jpg,630,336,656,386,Scratch
C:\Keras-retinanet-Training-on-custom-datasets-for-Object-Detection--master\dataset\images\187.jpg,263,302,316,338,Scratch
C:\Keras-retinanet-Training-on-custom-datasets-for-Object-Detection--master\dataset\images\187.jpg,165,294,220,334,Scratch
C:\Keras-retinanet-Training-on-custom-datasets-for-Object-Detection--master\dataset\images\187.jpg,412,305,553,387,Pitting
C:\Keras-retinanet-Training-on-custom-datasets-for-Object-Detection--master\dataset\images\107.jpg,585,352,628,378,Pierced
C:\Keras-retinanet-Training-on-custom-datasets-for-Object-Detection--master\dataset\images\107.jpg,624,360,688,403,Scratch
C:\Keras-retinanet-Training-on-custom-datasets-for-Object-Detection--master\dataset\images\107.jpg,726,368,830,411,Scratch
C:\Keras-retinanet-Training-on-custom-datasets-for-Object-Detection--master\dataset\images\60.jpg,452,295,524,381,Scratch
C:\Keras-retinanet-Training-on-custom-datasets-for-Object-Detection--master\dataset\images\60.jpg,493,270,537,346,Scratch
C:\Keras-retinanet-Training-on-custom-datasets-for-Object-Detection--master\dataset\images\179.jpg,328,226,369,262,Scratch
C:\Keras-retinanet-Training-on-custom-datasets-for-Object-Detection--master\dataset\images\179.jpg,794,229,869,250,Scratch
C:\Keras-retinanet-Training-on-custom-datasets-for-Object-Detection--master\dataset\images\154.jpg,279,493,307,514,Pierced
C:\Keras-retinanet-Training-on-custom-datasets-for-Object-Detection--master\dataset\images\154.jpg,658,255,749,331,Scratch
C:\Keras-retinanet-Training-on-custom-datasets-for-Object-Detection--master\dataset\images\80.jpg,350,378,407,408,Scratch
C:\Keras-retinanet-Training-on-custom-datasets-for-Object-Detection--master\dataset\images\124.jpg,540,370,622,393,Scratch
C:\Keras-retinanet-Training-on-custom-datasets-for-Object-Detection--master\dataset\images\124.jpg,198,435,336,486,Pitting
C:\Keras-retinanet-Training-on-custom-datasets-for-Object-Detection--master\dataset\images\124.jpg,683,357,710,374,Pierced
C:\Keras-retinanet-Training-on-custom-datasets-for-Object-Detection--master\dataset\images\124.jpg,858,301,884,317,Pierced
C:\Keras-retinanet-Training-on-custom-datasets-for-Object-Detection--master\dataset\images\276.jpg,352,326,456,388,Scratch
C:\Keras-retinanet-Training-on-custom-datasets-for-Object-Detection--master\dataset\images\276.jpg,472,393,497,409,Pierced
C:\Keras-retinanet-Training-on-custom-datasets-for-Object-Detection--master\dataset\images\276.jpg,536,404,559,422,Pierced
C:\Keras-retinanet-Training-on-custom-datasets-for-Object-Detection--master\dataset\images\288.jpg,618,171,757,242,Pitting
C:\Keras-retinanet-Training-on-custom-datasets-for-Object-Detection--master\dataset\images\212.jpg,283,359,307,380,Pierced
C:\Keras-retinanet-Training-on-custom-datasets-for-Object-Detection--master\dataset\images\212.jpg,319,356,344,382,Pierced
C:\Keras-retinanet-Training-on-custom-datasets-for-Object-Detection--master\dataset\images\212.jpg,349,352,375,370,Pierced
C:\Keras-retinanet-Training-on-custom-datasets-for-Object-Detection--master\dataset\images\212.jpg,369,330,394,350,Pierced
C:\Keras-retinanet-Training-on-custom-datasets-for-Object-Detection--master\dataset\images\212.jpg,317,337,340,355,Pierced
C:\Keras-retinanet-Training-on-custom-datasets-for-Object-Detection--master\dataset\images\212.jpg,469,219,821,342,Scratch
C:\Keras-retinanet-Training-on-custom-datasets-for-Object-Detection--master\dataset\images\212.jpg,303,330,331,352,Pitting
C:\Keras-retinanet-Training-on-custom-datasets-for-Object-Detection--master\dataset\images\299.jpg,620,117,951,295,Scratch
C:\Keras-retinanet-Training-on-custom-datasets-for-Object-Detection--master\dataset\images\299.jpg,437,308,491,338,Scratch
C:\Keras-retinanet-Training-on-custom-datasets-for-Object-Detection--master\dataset\images\299.jpg,309,357,336,404,Scratch
C:\Keras-retinanet-Training-on-custom-datasets-for-Object-Detection--master\dataset\images\299.jpg,420,329,442,365,Scratch
C:\Keras-retinanet-Training-on-custom-datasets-for-Object-Detection--master\dataset\images\299.jpg,287,399,311,421,Pierced
C:\Keras-retinanet-Training-on-custom-datasets-for-Object-Detection--master\dataset\images\299.jpg,351,370,371,389,Pierced
C:\Keras-retinanet-Training-on-custom-datasets-for-Object-Detection--master\dataset\images\299.jpg,362,350,379,362,Pierced
C:\Keras-retinanet-Training-on-custom-datasets-for-Object-Detection--master\dataset\images\299.jpg,381,358,400,375,Pierced
C:\Keras-retinanet-Training-on-custom-datasets-for-Object-Detection--master\dataset\images\299.jpg,403,353,424,370,Pierced
C:\Keras-retinanet-Training-on-custom-datasets-for-Object-Detection--master\dataset\images\158.jpg,312,462,344,483,Pierced
C:\Keras-retinanet-Training-on-custom-datasets-for-Object-Detection--master\dataset\images\158.jpg,715,296,816,362,Scratch
C:\Keras-retinanet-Training-on-custom-datasets-for-Object-Detection--master\dataset\images\89.jpg,290,495,342,530,Scratch
C:\Keras-retinanet-Training-on-custom-datasets-for-Object-Detection--master\dataset\images\89.jpg,722,363,806,393,Scratch
C:\Keras-retinanet-Training-on-custom-datasets-for-Object-Detection--master\dataset\images\25.jpg,526,334,562,407,Pitting
C:\Keras-retinanet-Training-on-custom-datasets-for-Object-Detection--master\dataset\images\148.jpg,320,248,360,274,Pierced
C:\Keras-retinanet-Training-on-custom-datasets-for-Object-Detection--master\dataset\images\148.jpg,744,281,872,326,Scratch
C:\Keras-retinanet-Training-on-custom-datasets-for-Object-Detection--master\dataset\images\233.jpg,58,222,188,281,Pitting
C:\Keras-retinanet-Training-on-custom-datasets-for-Object-Detection--master\dataset\images\233.jpg,395,140,475,161,Scratch
C:\Keras-retinanet-Training-on-custom-datasets-for-Object-Detection--master\dataset\images\233.jpg,534,114,558,136,Pierced
C:\Keras-retinanet-Training-on-custom-datasets-for-Object-Detection--master\dataset\images\233.jpg,712,41,739,63,Pierced
C:\Keras-retinanet-Training-on-custom-datasets-for-Object-Detection--master\dataset\images\296.jpg,284,426,307,444,Pierced
C:\Keras-retinanet-Training-on-custom-datasets-for-Object-Detection--master\dataset\images\296.jpg,346,403,375,425,Pierced
C:\Keras-retinanet-Training-on-custom-datasets-for-Object-Detection--master\dataset\images\296.jpg,361,383,385,403,Pierced
C:\Keras-retinanet-Training-on-custom-datasets-for-Object-Detection--master\dataset\images\296.jpg,383,395,400,413,Pierced
C:\Keras-retinanet-Training-on-custom-datasets-for-Object-Detection--master\dataset\images\296.jpg,405,393,429,411,Pierced
C:\Keras-retinanet-Training-on-custom-datasets-for-Object-Detection--master\dataset\images\296.jpg,651,222,1024,363,Scratch
C:\Keras-retinanet-Training-on-custom-datasets-for-Object-Detection--master\dataset\images\296.jpg,442,350,489,384,Scratch
C:\Keras-retinanet-Training-on-custom-datasets-for-Object-Detection--master\dataset\images\296.jpg,309,391,342,433,Scratch
C:\Keras-retinanet-Training-on-custom-datasets-for-Object-Detection--master\dataset\images\296.jpg,424,376,453,409,Scratch
C:\Keras-retinanet-Training-on-custom-datasets-for-Object-Detection--master\dataset\images\193.jpg,316,314,450,407,Pitting
C:\Keras-retinanet-Training-on-custom-datasets-for-Object-Detection--master\dataset\images\193.jpg,738,424,764,441,Pierced
C:\Keras-retinanet-Training-on-custom-datasets-for-Object-Detection--master\dataset\images\193.jpg,690,420,718,436,Pierced
C:\Keras-retinanet-Training-on-custom-datasets-for-Object-Detection--master\dataset\images\193.jpg,658,422,679,436,Pierced
C:\Keras-retinanet-Training-on-custom-datasets-for-Object-Detection--master\dataset\images\193.jpg,618,403,638,419,Pierced
C:\Keras-retinanet-Training-on-custom-datasets-for-Object-Detection--master\dataset\images\193.jpg,630,404,682,443,Scratch
C:\Keras-retinanet-Training-on-custom-datasets-for-Object-Detection--master\dataset\images\171.jpg,69,290,87,334,Scratch
C:\Keras-retinanet-Training-on-custom-datasets-for-Object-Detection--master\dataset\images\171.jpg,739,183,799,205,Scratch
C:\Keras-retinanet-Training-on-custom-datasets-for-Object-Detection--master\dataset\images\171.jpg,889,177,912,196,Pierced
C:\Keras-retinanet-Training-on-custom-datasets-for-Object-Detection--master\dataset\images\6.jpg,465,327,579,401,Scratch
C:\Keras-retinanet-Training-on-custom-datasets-for-Object-Detection--master\dataset\images\176.jpg,737,288,815,343,Scratch
C:\Keras-retinanet-Training-on-custom-datasets-for-Object-Detection--master\dataset\images\142.jpg,69,409,93,428,Pierced
C:\Keras-retinanet-Training-on-custom-datasets-for-Object-Detection--master\dataset\images\142.jpg,458,340,478,358,Pierced
C:\Keras-retinanet-Training-on-custom-datasets-for-Object-Detection--master\dataset\images\142.jpg,581,305,635,336,Pitting
C:\Keras-retinanet-Training-on-custom-datasets-for-Object-Detection--master\dataset\images\142.jpg,801,266,836,313,Scratch
C:\Keras-retinanet-Training-on-custom-datasets-for-Object-Detection--master\dataset\images\2.jpg,425,391,490,432,Pitting
C:\Keras-retinanet-Training-on-custom-datasets-for-Object-Detection--master\dataset\images\28.jpg,411,324,463,405,Pitting
C:\Keras-retinanet-Training-on-custom-datasets-for-Object-Detection--master\dataset\images\169.jpg,830,347,854,366,Pierced
C:\Keras-retinanet-Training-on-custom-datasets-for-Object-Detection--master\dataset\images\169.jpg,667,300,693,322,Pierced
C:\Keras-retinanet-Training-on-custom-datasets-for-Object-Detection--master\dataset\images\169.jpg,532,224,583,268,Scratch
C:\Keras-retinanet-Training-on-custom-datasets-for-Object-Detection--master\dataset\images\292.jpg,568,459,716,497,Pitting
C:\Keras-retinanet-Training-on-custom-datasets-for-Object-Detection--master\dataset\images\270.jpg,319,292,697,354,Scratch
C:\Keras-retinanet-Training-on-custom-datasets-for-Object-Detection--master\dataset\images\216.jpg,612,279,977,337,Scratch
C:\Keras-retinanet-Training-on-custom-datasets-for-Object-Detection--master\dataset\images\216.jpg,447,293,493,313,Pitting
C:\Keras-retinanet-Training-on-custom-datasets-for-Object-Detection--master\dataset\images\216.jpg,428,315,458,340,Pierced
C:\Keras-retinanet-Training-on-custom-datasets-for-Object-Detection--master\dataset\images\216.jpg,463,324,491,345,Pierced
C:\Keras-retinanet-Training-on-custom-datasets-for-Object-Detection--master\dataset\images\216.jpg,498,325,524,342,Pierced
C:\Keras-retinanet-Training-on-custom-datasets-for-Object-Detection--master\dataset\images\216.jpg,524,305,548,324,Pierced
C:\Keras-retinanet-Training-on-custom-datasets-for-Object-Detection--master\dataset\images\216.jpg,472,302,496,318,Pierced
C:\Keras-retinanet-Training-on-custom-datasets-for-Object-Detection--master\dataset\images\223.jpg,60,195,193,242,Pitting
C:\Keras-retinanet-Training-on-custom-datasets-for-Object-Detection--master\dataset\images\223.jpg,407,232,487,268,Scratch
C:\Keras-retinanet-Training-on-custom-datasets-for-Object-Detection--master\dataset\images\223.jpg,542,264,573,281,Pierced
C:\Keras-retinanet-Training-on-custom-datasets-for-Object-Detection--master\dataset\images\223.jpg,730,270,761,291,Pierced
C:\Keras-retinanet-Training-on-custom-datasets-for-Object-Detection--master\dataset\images\72.jpg,448,369,469,414,Scratch
C:\Keras-retinanet-Training-on-custom-datasets-for-Object-Detection--master\dataset\images\72.jpg,633,358,693,396,Scratch
C:\Keras-retinanet-Training-on-custom-datasets-for-Object-Detection--master\dataset\images\217.jpg,415,313,444,336,Pierced
C:\Keras-retinanet-Training-on-custom-datasets-for-Object-Detection--master\dataset\images\217.jpg,453,325,479,344,Pierced
C:\Keras-retinanet-Training-on-custom-datasets-for-Object-Detection--master\dataset\images\217.jpg,487,322,511,342,Pierced
C:\Keras-retinanet-Training-on-custom-datasets-for-Object-Detection--master\dataset\images\217.jpg,514,304,541,326,Pierced
C:\Keras-retinanet-Training-on-custom-datasets-for-Object-Detection--master\dataset\images\217.jpg,462,304,483,317,Pierced
C:\Keras-retinanet-Training-on-custom-datasets-for-Object-Detection--master\dataset\images\217.jpg,446,293,481,311,Pitting
C:\Keras-retinanet-Training-on-custom-datasets-for-Object-Detection--master\dataset\images\217.jpg,618,292,969,341,Scratch
C:\Keras-retinanet-Training-on-custom-datasets-for-Object-Detection--master\dataset\images\197.jpg,360,290,487,409,Pitting
C:\Keras-retinanet-Training-on-custom-datasets-for-Object-Detection--master\dataset\images\197.jpg,767,488,787,504,Pierced
C:\Keras-retinanet-Training-on-custom-datasets-for-Object-Detection--master\dataset\images\197.jpg,652,441,674,456,Pierced
C:\Keras-retinanet-Training-on-custom-datasets-for-Object-Detection--master\dataset\images\197.jpg,687,467,706,483,Pierced
C:\Keras-retinanet-Training-on-custom-datasets-for-Object-Detection--master\dataset\images\197.jpg,718,472,743,487,Pierced
C:\Keras-retinanet-Training-on-custom-datasets-for-Object-Detection--master\dataset\images\197.jpg,650,444,720,492,Scratch
C:\Keras-retinanet-Training-on-custom-datasets-for-Object-Detection--master\dataset\images\174.jpg,652,242,675,274,Scratch
C:\Keras-retinanet-Training-on-custom-datasets-for-Object-Detection--master\dataset\images\174.jpg,832,315,891,330,Scratch
C:\Keras-retinanet-Training-on-custom-datasets-for-Object-Detection--master\dataset\images\194.jpg,336,315,454,405,Pitting
C:\Keras-retinanet-Training-on-custom-datasets-for-Object-Detection--master\dataset\images\194.jpg,629,415,648,430,Pierced
C:\Keras-retinanet-Training-on-custom-datasets-for-Object-Detection--master\dataset\images\194.jpg,640,417,697,457,Scratch
C:\Keras-retinanet-Training-on-custom-datasets-for-Object-Detection--master\dataset\images\194.jpg,752,444,771,461,Pierced
C:\Keras-retinanet-Training-on-custom-datasets-for-Object-Detection--master\dataset\images\194.jpg,705,435,723,452,Pierced
C:\Keras-retinanet-Training-on-custom-datasets-for-Object-Detection--master\dataset\images\194.jpg,668,437,684,453,Pierced
C:\Keras-retinanet-Training-on-custom-datasets-for-Object-Detection--master\dataset\images\277.jpg,314,319,410,382,Scratch
C:\Keras-retinanet-Training-on-custom-datasets-for-Object-Detection--master\dataset\images\277.jpg,422,397,445,418,Pierced
C:\Keras-retinanet-Training-on-custom-datasets-for-Object-Detection--master\dataset\images\277.jpg,483,424,505,438,Pierced
C:\Keras-retinanet-Training-on-custom-datasets-for-Object-Detection--master\dataset\images\127.jpg,195,440,323,485,Pitting
C:\Keras-retinanet-Training-on-custom-datasets-for-Object-Detection--master\dataset\images\127.jpg,535,413,609,439,Scratch
C:\Keras-retinanet-Training-on-custom-datasets-for-Object-Detection--master\dataset\images\127.jpg,673,417,697,433,Pierced
C:\Keras-retinanet-Training-on-custom-datasets-for-Object-Detection--master\dataset\images\127.jpg,855,382,879,401,Pierced
C:\Keras-retinanet-Training-on-custom-datasets-for-Object-Detection--master\dataset\images\168.jpg,652,126,676,147,Pierced
C:\Keras-retinanet-Training-on-custom-datasets-for-Object-Detection--master\dataset\images\168.jpg,473,129,505,146,Pierced
C:\Keras-retinanet-Training-on-custom-datasets-for-Object-Detection--master\dataset\images\168.jpg,320,94,373,128,Pierced
C:\Keras-retinanet-Training-on-custom-datasets-for-Object-Detection--master\dataset\images\231.jpg,1,214,101,262,Pitting
C:\Keras-retinanet-Training-on-custom-datasets-for-Object-Detection--master\dataset\images\231.jpg,318,254,380,287,Scratch
C:\Keras-retinanet-Training-on-custom-datasets-for-Object-Detection--master\dataset\images\231.jpg,452,287,475,303,Pierced
C:\Keras-retinanet-Training-on-custom-datasets-for-Object-Detection--master\dataset\images\231.jpg,638,293,660,312,Pierced
C:\Keras-retinanet-Training-on-custom-datasets-for-Object-Detection--master\dataset\images\258.jpg,354,358,381,377,Pierced
C:\Keras-retinanet-Training-on-custom-datasets-for-Object-Detection--master\dataset\images\258.jpg,479,333,508,348,Pierced
C:\Keras-retinanet-Training-on-custom-datasets-for-Object-Detection--master\dataset\images\138.jpg,550,352,738,398,Scratch
C:\Keras-retinanet-Training-on-custom-datasets-for-Object-Detection--master\dataset\images\265.jpg,265,326,588,540,Scratch
C:\Keras-retinanet-Training-on-custom-datasets-for-Object-Detection--master\dataset\images\85.jpg,509,425,565,456,Scratch
C:\Keras-retinanet-Training-on-custom-datasets-for-Object-Detection--master\dataset\images\264.jpg,301,360,643,532,Scratch
C:\Keras-retinanet-Training-on-custom-datasets-for-Object-Detection--master\dataset\images\249.jpg,658,205,762,275,Scratch
C:\Keras-retinanet-Training-on-custom-datasets-for-Object-Detection--master\dataset\images\249.jpg,122,409,148,425,Pierced
C:\Keras-retinanet-Training-on-custom-datasets-for-Object-Detection--master\dataset\images\249.jpg,16,454,39,471,Pierced
C:\Keras-retinanet-Training-on-custom-datasets-for-Object-Detection--master\dataset\images\57.jpg,381,399,512,481,Pitting
C:\Keras-retinanet-Training-on-custom-datasets-for-Object-Detection--master\dataset\images\74.jpg,413,370,444,419,Scratch
C:\Keras-retinanet-Training-on-custom-datasets-for-Object-Detection--master\dataset\images\74.jpg,607,330,658,370,Scratch
C:\Keras-retinanet-Training-on-custom-datasets-for-Object-Detection--master\dataset\images\195.jpg,359,309,484,407,Pitting
C:\Keras-retinanet-Training-on-custom-datasets-for-Object-Detection--master\dataset\images\195.jpg,650,430,672,447,Pierced
C:\Keras-retinanet-Training-on-custom-datasets-for-Object-Detection--master\dataset\images\195.jpg,766,468,787,485,Pierced
C:\Keras-retinanet-Training-on-custom-datasets-for-Object-Detection--master\dataset\images\195.jpg,719,456,743,478,Pierced
C:\Keras-retinanet-Training-on-custom-datasets-for-Object-Detection--master\dataset\images\195.jpg,686,456,705,469,Pierced
C:\Keras-retinanet-Training-on-custom-datasets-for-Object-Detection--master\dataset\images\195.jpg,651,430,718,477,Scratch
C:\Keras-retinanet-Training-on-custom-datasets-for-Object-Detection--master\dataset\images\196.jpg,356,301,479,407,Pitting
C:\Keras-retinanet-Training-on-custom-datasets-for-Object-Detection--master\dataset\images\196.jpg,645,434,668,452,Pierced
C:\Keras-retinanet-Training-on-custom-datasets-for-Object-Detection--master\dataset\images\196.jpg,760,479,783,493,Pierced
C:\Keras-retinanet-Training-on-custom-datasets-for-Object-Detection--master\dataset\images\196.jpg,714,466,738,480,Pierced
C:\Keras-retinanet-Training-on-custom-datasets-for-Object-Detection--master\dataset\images\196.jpg,683,464,702,477,Pierced
C:\Keras-retinanet-Training-on-custom-datasets-for-Object-Detection--master\dataset\images\196.jpg,646,441,715,485,Scratch
C:\Keras-retinanet-Training-on-custom-datasets-for-Object-Detection--master\dataset\images\164.jpg,471,174,529,211,Scratch
C:\Keras-retinanet-Training-on-custom-datasets-for-Object-Detection--master\dataset\images\188.jpg,389,299,538,355,Pitting
C:\Keras-retinanet-Training-on-custom-datasets-for-Object-Detection--master\dataset\images\188.jpg,762,253,789,271,Pierced
C:\Keras-retinanet-Training-on-custom-datasets-for-Object-Detection--master\dataset\images\188.jpg,680,270,707,287,Pierced
C:\Keras-retinanet-Training-on-custom-datasets-for-Object-Detection--master\dataset\images\188.jpg,608,262,650,325,Scratch
C:\Keras-retinanet-Training-on-custom-datasets-for-Object-Detection--master\dataset\images\188.jpg,247,319,313,371,Scratch
C:\Keras-retinanet-Training-on-custom-datasets-for-Object-Detection--master\dataset\images\188.jpg,146,346,211,387,Scratch
C:\Keras-retinanet-Training-on-custom-datasets-for-Object-Detection--master\dataset\images\188.jpg,102,358,128,378,Pierced
C:\Keras-retinanet-Training-on-custom-datasets-for-Object-Detection--master\dataset\images\184.jpg,441,238,490,279,Scratch
C:\Keras-retinanet-Training-on-custom-datasets-for-Object-Detection--master\dataset\images\184.jpg,901,321,989,363,Scratch
C:\Keras-retinanet-Training-on-custom-datasets-for-Object-Detection--master\dataset\images\163.jpg,448,185,505,221,Scratch
C:\Keras-retinanet-Training-on-custom-datasets-for-Object-Detection--master\dataset\images\190.jpg,377,262,511,332,Pitting
C:\Keras-retinanet-Training-on-custom-datasets-for-Object-Detection--master\dataset\images\190.jpg,117,440,140,458,Pierced
C:\Keras-retinanet-Training-on-custom-datasets-for-Object-Detection--master\dataset\images\190.jpg,716,117,740,136,Pierced
C:\Keras-retinanet-Training-on-custom-datasets-for-Object-Detection--master\dataset\images\190.jpg,642,159,667,179,Pierced
C:\Keras-retinanet-Training-on-custom-datasets-for-Object-Detection--master\dataset\images\190.jpg,569,185,612,230,Scratch
C:\Keras-retinanet-Training-on-custom-datasets-for-Object-Detection--master\dataset\images\190.jpg,156,399,222,447,Scratch
C:\Keras-retinanet-Training-on-custom-datasets-for-Object-Detection--master\dataset\images\190.jpg,250,339,311,404,Scratch
C:\Keras-retinanet-Training-on-custom-datasets-for-Object-Detection--master\dataset\images\167.jpg,278,158,340,182,Scratch
C:\Keras-retinanet-Training-on-custom-datasets-for-Object-Detection--master\dataset\images\167.jpg,430,158,466,177,Pierced
C:\Keras-retinanet-Training-on-custom-datasets-for-Object-Detection--master\dataset\images\167.jpg,606,125,635,146,Pierced
C:\Keras-retinanet-Training-on-custom-datasets-for-Object-Detection--master\dataset\images\234.jpg,145,297,280,358,Pitting
C:\Keras-retinanet-Training-on-custom-datasets-for-Object-Detection--master\dataset\images\234.jpg,471,217,546,235,Scratch
C:\Keras-retinanet-Training-on-custom-datasets-for-Object-Detection--master\dataset\images\234.jpg,614,192,642,211,Pierced
C:\Keras-retinanet-Training-on-custom-datasets-for-Object-Detection--master\dataset\images\234.jpg,791,122,814,142,Pierced
C:\Keras-retinanet-Training-on-custom-datasets-for-Object-Detection--master\dataset\images\157.jpg,296,485,328,504,Pierced
C:\Keras-retinanet-Training-on-custom-datasets-for-Object-Detection--master\dataset\images\157.jpg,693,292,791,364,Scratch
C:\Keras-retinanet-Training-on-custom-datasets-for-Object-Detection--master\dataset\images\261.jpg,328,375,677,444,Scratch
C:\Keras-retinanet-Training-on-custom-datasets-for-Object-Detection--master\dataset\images\289.jpg,731,156,865,232,Pitting
C:\Keras-retinanet-Training-on-custom-datasets-for-Object-Detection--master\dataset\images\104.jpg,578,355,609,383,Pierced
C:\Keras-retinanet-Training-on-custom-datasets-for-Object-Detection--master\dataset\images\104.jpg,610,361,672,407,Scratch
C:\Keras-retinanet-Training-on-custom-datasets-for-Object-Detection--master\dataset\images\104.jpg,710,355,811,400,Scratch
C:\Keras-retinanet-Training-on-custom-datasets-for-Object-Detection--master\dataset\images\252.jpg,356,340,383,363,Pierced
C:\Keras-retinanet-Training-on-custom-datasets-for-Object-Detection--master\dataset\images\252.jpg,480,351,516,370,Pierced
C:\Keras-retinanet-Training-on-custom-datasets-for-Object-Detection--master\dataset\images\36.jpg,591,332,740,382,Scratch
C:\Keras-retinanet-Training-on-custom-datasets-for-Object-Detection--master\dataset\images\222.jpg,752,317,775,334,Pierced
C:\Keras-retinanet-Training-on-custom-datasets-for-Object-Detection--master\dataset\images\222.jpg,565,321,591,342,Pierced
C:\Keras-retinanet-Training-on-custom-datasets-for-Object-Detection--master\dataset\images\222.jpg,430,299,491,331,Scratch
C:\Keras-retinanet-Training-on-custom-datasets-for-Object-Detection--master\dataset\images\222.jpg,73,290,214,322,Pitting
C:\Keras-retinanet-Training-on-custom-datasets-for-Object-Detection--master\dataset\images\273.jpg,399,377,511,417,Scratch
C:\Keras-retinanet-Training-on-custom-datasets-for-Object-Detection--master\dataset\images\273.jpg,532,411,560,433,Pierced
C:\Keras-retinanet-Training-on-custom-datasets-for-Object-Detection--master\dataset\images\273.jpg,595,403,623,423,Pierced
C:\Keras-retinanet-Training-on-custom-datasets-for-Object-Detection--master\dataset\images\228.jpg,766,347,877,383,Scratch
C:\Keras-retinanet-Training-on-custom-datasets-for-Object-Detection--master\dataset\images\199.jpg,307,318,426,446,Pitting
C:\Keras-retinanet-Training-on-custom-datasets-for-Object-Detection--master\dataset\images\199.jpg,570,248,594,263,Pierced
C:\Keras-retinanet-Training-on-custom-datasets-for-Object-Detection--master\dataset\images\199.jpg,616,237,637,250,Pierced
C:\Keras-retinanet-Training-on-custom-datasets-for-Object-Detection--master\dataset\images\199.jpg,640,211,662,229,Pierced
C:\Keras-retinanet-Training-on-custom-datasets-for-Object-Detection--master\dataset\images\199.jpg,683,183,703,199,Pierced
C:\Keras-retinanet-Training-on-custom-datasets-for-Object-Detection--master\dataset\images\199.jpg,597,211,624,283,Scratch
C:\Keras-retinanet-Training-on-custom-datasets-for-Object-Detection--master\dataset\images\20.jpg,463,334,498,415,Pitting
C:\Keras-retinanet-Training-on-custom-datasets-for-Object-Detection--master\dataset\images\280.jpg,445,389,530,454,Scratch
C:\Keras-retinanet-Training-on-custom-datasets-for-Object-Detection--master\dataset\images\280.jpg,541,474,571,491,Pierced
C:\Keras-retinanet-Training-on-custom-datasets-for-Object-Detection--master\dataset\images\280.jpg,601,495,626,517,Pierced
C:\Keras-retinanet-Training-on-custom-datasets-for-Object-Detection--master\dataset\images\227.jpg,756,293,877,320,Scratch
C:\Keras-retinanet-Training-on-custom-datasets-for-Object-Detection--master\dataset\images\113.jpg,93,487,114,503,Pierced
C:\Keras-retinanet-Training-on-custom-datasets-for-Object-Detection--master\dataset\images\113.jpg,754,442,780,465,Pierced
C:\Keras-retinanet-Training-on-custom-datasets-for-Object-Detection--master\dataset\images\113.jpg,667,451,693,472,Pierced
C:\Keras-retinanet-Training-on-custom-datasets-for-Object-Detection--master\dataset\images\113.jpg,127,481,194,520,Scratch
C:\Keras-retinanet-Training-on-custom-datasets-for-Object-Detection--master\dataset\images\113.jpg,226,466,298,501,Scratch
C:\Keras-retinanet-Training-on-custom-datasets-for-Object-Detection--master\dataset\images\113.jpg,593,446,632,493,Scratch
C:\Keras-retinanet-Training-on-custom-datasets-for-Object-Detection--master\dataset\images\113.jpg,366,457,501,516,Pitting
C:\Keras-retinanet-Training-on-custom-datasets-for-Object-Detection--master\dataset\images\178.jpg,274,136,312,174,Scratch
C:\Keras-retinanet-Training-on-custom-datasets-for-Object-Detection--master\dataset\images\178.jpg,718,279,797,317,Scratch
C:\Keras-retinanet-Training-on-custom-datasets-for-Object-Detection--master\dataset\images\262.jpg,302,366,671,463,Scratch
C:\Keras-retinanet-Training-on-custom-datasets-for-Object-Detection--master\dataset\images\101.jpg,548,342,599,379,Pierced
C:\Keras-retinanet-Training-on-custom-datasets-for-Object-Detection--master\dataset\images\101.jpg,595,346,669,387,Scratch
C:\Keras-retinanet-Training-on-custom-datasets-for-Object-Detection--master\dataset\images\101.jpg,694,327,790,381,Scratch
C:\Keras-retinanet-Training-on-custom-datasets-for-Object-Detection--master\dataset\images\19.jpg,457,336,493,410,Pitting
C:\Keras-retinanet-Training-on-custom-datasets-for-Object-Detection--master\dataset\images\109.jpg,129,354,153,378,Pierced
C:\Keras-retinanet-Training-on-custom-datasets-for-Object-Detection--master\dataset\images\109.jpg,696,480,724,501,Pierced
C:\Keras-retinanet-Training-on-custom-datasets-for-Object-Detection--master\dataset\images\109.jpg,785,495,813,523,Pierced
C:\Keras-retinanet-Training-on-custom-datasets-for-Object-Detection--master\dataset\images\109.jpg,158,362,228,419,Scratch
C:\Keras-retinanet-Training-on-custom-datasets-for-Object-Detection--master\dataset\images\109.jpg,260,382,342,429,Scratch
C:\Keras-retinanet-Training-on-custom-datasets-for-Object-Detection--master\dataset\images\109.jpg,399,403,537,490,Pitting
C:\Keras-retinanet-Training-on-custom-datasets-for-Object-Detection--master\dataset\images\109.jpg,622,452,658,505,Scratch
C:\Keras-retinanet-Training-on-custom-datasets-for-Object-Detection--master\dataset\images\91.jpg,287,493,334,521,Scratch
C:\Keras-retinanet-Training-on-custom-datasets-for-Object-Detection--master\dataset\images\91.jpg,725,374,816,403,Scratch
C:\Keras-retinanet-Training-on-custom-datasets-for-Object-Detection--master\dataset\images\229.jpg,720,233,835,249,Scratch
C:\Keras-retinanet-Training-on-custom-datasets-for-Object-Detection--master\dataset\images\224.jpg,438,224,533,272,Pitting
C:\Keras-retinanet-Training-on-custom-datasets-for-Object-Detection--master\dataset\images\224.jpg,658,191,683,208,Pierced
C:\Keras-retinanet-Training-on-custom-datasets-for-Object-Detection--master\dataset\images\224.jpg,752,148,796,221,Scratch
C:\Keras-retinanet-Training-on-custom-datasets-for-Object-Detection--master\dataset\images\224.jpg,793,132,813,197,Scratch
C:\Keras-retinanet-Training-on-custom-datasets-for-Object-Detection--master\dataset\images\84.jpg,511,423,577,449,Scratch
C:\Keras-retinanet-Training-on-custom-datasets-for-Object-Detection--master\dataset\images\200.jpg,296,370,440,481,Pitting
C:\Keras-retinanet-Training-on-custom-datasets-for-Object-Detection--master\dataset\images\200.jpg,586,303,611,322,Pierced
C:\Keras-retinanet-Training-on-custom-datasets-for-Object-Detection--master\dataset\images\200.jpg,701,248,722,266,Pierced
C:\Keras-retinanet-Training-on-custom-datasets-for-Object-Detection--master\dataset\images\200.jpg,656,272,679,293,Pierced
C:\Keras-retinanet-Training-on-custom-datasets-for-Object-Detection--master\dataset\images\200.jpg,632,296,652,311,Pierced
C:\Keras-retinanet-Training-on-custom-datasets-for-Object-Detection--master\dataset\images\200.jpg,610,274,646,342,Scratch
C:\Keras-retinanet-Training-on-custom-datasets-for-Object-Detection--master\dataset\images\189.jpg,118,411,135,434,Pierced
C:\Keras-retinanet-Training-on-custom-datasets-for-Object-Detection--master\dataset\images\189.jpg,668,234,696,253,Pierced
C:\Keras-retinanet-Training-on-custom-datasets-for-Object-Detection--master\dataset\images\189.jpg,749,207,775,227,Pierced
C:\Keras-retinanet-Training-on-custom-datasets-for-Object-Detection--master\dataset\images\189.jpg,155,397,217,430,Scratch
C:\Keras-retinanet-Training-on-custom-datasets-for-Object-Detection--master\dataset\images\189.jpg,252,350,307,405,Scratch
C:\Keras-retinanet-Training-on-custom-datasets-for-Object-Detection--master\dataset\images\189.jpg,597,243,632,296,Scratch
C:\Keras-retinanet-Training-on-custom-datasets-for-Object-Detection--master\dataset\images\189.jpg,382,300,525,359,Pitting
C:\Keras-retinanet-Training-on-custom-datasets-for-Object-Detection--master\dataset\images\297.jpg,642,256,1014,373,Scratch
C:\Keras-retinanet-Training-on-custom-datasets-for-Object-Detection--master\dataset\images\297.jpg,457,342,504,385,Scratch
C:\Keras-retinanet-Training-on-custom-datasets-for-Object-Detection--master\dataset\images\297.jpg,321,366,353,419,Scratch
C:\Keras-retinanet-Training-on-custom-datasets-for-Object-Detection--master\dataset\images\297.jpg,294,406,323,431,Pierced
C:\Keras-retinanet-Training-on-custom-datasets-for-Object-Detection--master\dataset\images\297.jpg,362,390,393,409,Pierced
C:\Keras-retinanet-Training-on-custom-datasets-for-Object-Detection--master\dataset\images\297.jpg,370,367,401,387,Pierced
C:\Keras-retinanet-Training-on-custom-datasets-for-Object-Detection--master\dataset\images\297.jpg,395,383,420,403,Pierced
C:\Keras-retinanet-Training-on-custom-datasets-for-Object-Detection--master\dataset\images\297.jpg,416,382,443,405,Pierced
C:\Keras-retinanet-Training-on-custom-datasets-for-Object-Detection--master\dataset\images\297.jpg,431,365,469,402,Scratch
C:\Keras-retinanet-Training-on-custom-datasets-for-Object-Detection--master\dataset\images\38.jpg,600,374,747,403,Scratch
C:\Keras-retinanet-Training-on-custom-datasets-for-Object-Detection--master\dataset\images\131.jpg,17,177,55,195,Scratch
C:\Keras-retinanet-Training-on-custom-datasets-for-Object-Detection--master\dataset\images\131.jpg,52,175,78,202,Scratch
C:\Keras-retinanet-Training-on-custom-datasets-for-Object-Detection--master\dataset\images\131.jpg,167,247,304,276,Scratch
C:\Keras-retinanet-Training-on-custom-datasets-for-Object-Detection--master\dataset\images\131.jpg,186,230,208,249,Pierced
C:\Keras-retinanet-Training-on-custom-datasets-for-Object-Detection--master\dataset\images\131.jpg,100,194,121,235,Scratch
C:\Keras-retinanet-Training-on-custom-datasets-for-Object-Detection--master\dataset\images\131.jpg,298,272,371,320,Pitting
C:\Keras-retinanet-Training-on-custom-datasets-for-Object-Detection--master\dataset\images\131.jpg,415,311,467,354,Pitting
C:\Keras-retinanet-Training-on-custom-datasets-for-Object-Detection--master\dataset\images\131.jpg,487,327,573,389,Pitting
C:\Keras-retinanet-Training-on-custom-datasets-for-Object-Detection--master\dataset\images\131.jpg,583,381,728,443,Pitting
C:\Keras-retinanet-Training-on-custom-datasets-for-Object-Detection--master\dataset\images\131.jpg,757,432,807,471,Pitting
C:\Keras-retinanet-Training-on-custom-datasets-for-Object-Detection--master\dataset\images\131.jpg,818,453,871,505,Pitting
C:\Keras-retinanet-Training-on-custom-datasets-for-Object-Detection--master\dataset\images\131.jpg,902,485,948,526,Pitting
C:\Keras-retinanet-Training-on-custom-datasets-for-Object-Detection--master\dataset\images\131.jpg,964,507,1011,543,Pitting
C:\Keras-retinanet-Training-on-custom-datasets-for-Object-Detection--master\dataset\images\131.jpg,871,476,889,492,Pierced
C:\Keras-retinanet-Training-on-custom-datasets-for-Object-Detection--master\dataset\images\253.jpg,364,340,389,358,Pierced
C:\Keras-retinanet-Training-on-custom-datasets-for-Object-Detection--master\dataset\images\253.jpg,492,372,514,391,Pierced
C:\Keras-retinanet-Training-on-custom-datasets-for-Object-Detection--master\dataset\images\121.jpg,228,437,359,490,Pitting
C:\Keras-retinanet-Training-on-custom-datasets-for-Object-Detection--master\dataset\images\121.jpg,567,374,633,395,Scratch
C:\Keras-retinanet-Training-on-custom-datasets-for-Object-Detection--master\dataset\images\121.jpg,697,356,724,375,Pierced
C:\Keras-retinanet-Training-on-custom-datasets-for-Object-Detection--master\dataset\images\121.jpg,872,297,897,315,Pierced
C:\Keras-retinanet-Training-on-custom-datasets-for-Object-Detection--master\dataset\images\61.jpg,523,279,553,338,Scratch
C:\Keras-retinanet-Training-on-custom-datasets-for-Object-Detection--master\dataset\images\61.jpg,493,296,552,372,Scratch
C:\Keras-retinanet-Training-on-custom-datasets-for-Object-Detection--master\dataset\images\61.jpg,199,399,301,471,Pitting
C:\Keras-retinanet-Training-on-custom-datasets-for-Object-Detection--master\dataset\images\61.jpg,407,354,432,374,Pierced
C:\Keras-retinanet-Training-on-custom-datasets-for-Object-Detection--master\dataset\images\247.jpg,625,260,750,315,Scratch
C:\Keras-retinanet-Training-on-custom-datasets-for-Object-Detection--master\dataset\images\247.jpg,84,360,109,380,Pierced
C:\Keras-retinanet-Training-on-custom-datasets-for-Object-Detection--master\dataset\images\175.jpg,628,193,654,237,Scratch
C:\Keras-retinanet-Training-on-custom-datasets-for-Object-Detection--master\dataset\images\175.jpg,816,211,878,239,Scratch
C:\Keras-retinanet-Training-on-custom-datasets-for-Object-Detection--master\dataset\images\191.jpg,553,309,601,362,Scratch
C:\Keras-retinanet-Training-on-custom-datasets-for-Object-Detection--master\dataset\images\191.jpg,533,321,556,337,Pierced
C:\Keras-retinanet-Training-on-custom-datasets-for-Object-Detection--master\dataset\images\191.jpg,583,331,596,347,Pierced
C:\Keras-retinanet-Training-on-custom-datasets-for-Object-Detection--master\dataset\images\191.jpg,612,322,634,344,Pierced
C:\Keras-retinanet-Training-on-custom-datasets-for-Object-Detection--master\dataset\images\191.jpg,661,319,683,336,Pierced
C:\Keras-retinanet-Training-on-custom-datasets-for-Object-Detection--master\dataset\images\135.jpg,444,417,464,432,Pierced
C:\Keras-retinanet-Training-on-custom-datasets-for-Object-Detection--master\dataset\images\135.jpg,1,388,59,436,Pitting
C:\Keras-retinanet-Training-on-custom-datasets-for-Object-Detection--master\dataset\images\135.jpg,69,407,164,442,Pitting
C:\Keras-retinanet-Training-on-custom-datasets-for-Object-Detection--master\dataset\images\135.jpg,177,402,236,441,Pitting
C:\Keras-retinanet-Training-on-custom-datasets-for-Object-Detection--master\dataset\images\135.jpg,277,406,350,435,Pitting
C:\Keras-retinanet-Training-on-custom-datasets-for-Object-Detection--master\dataset\images\135.jpg,688,390,760,424,Pitting
C:\Keras-retinanet-Training-on-custom-datasets-for-Object-Detection--master\dataset\images\135.jpg,634,407,658,438,Scratch
C:\Keras-retinanet-Training-on-custom-datasets-for-Object-Detection--master\dataset\images\135.jpg,602,407,634,432,Scratch
C:\Keras-retinanet-Training-on-custom-datasets-for-Object-Detection--master\dataset\images\135.jpg,575,409,600,443,Scratch
C:\Keras-retinanet-Training-on-custom-datasets-for-Object-Detection--master\dataset\images\135.jpg,531,399,552,438,Scratch
C:\Keras-retinanet-Training-on-custom-datasets-for-Object-Detection--master\dataset\images\135.jpg,365,397,469,440,Scratch
C:\Keras-retinanet-Training-on-custom-datasets-for-Object-Detection--master\dataset\images\201.jpg,299,375,415,487,Pitting
C:\Keras-retinanet-Training-on-custom-datasets-for-Object-Detection--master\dataset\images\201.jpg,578,318,601,339,Pierced
C:\Keras-retinanet-Training-on-custom-datasets-for-Object-Detection--master\dataset\images\201.jpg,695,270,716,290,Pierced
C:\Keras-retinanet-Training-on-custom-datasets-for-Object-Detection--master\dataset\images\201.jpg,649,294,670,311,Pierced
C:\Keras-retinanet-Training-on-custom-datasets-for-Object-Detection--master\dataset\images\201.jpg,621,315,641,332,Pierced
C:\Keras-retinanet-Training-on-custom-datasets-for-Object-Detection--master\dataset\images\201.jpg,603,289,635,359,Scratch
C:\Keras-retinanet-Training-on-custom-datasets-for-Object-Detection--master\dataset\images\237.jpg,104,286,246,340,Pitting
C:\Keras-retinanet-Training-on-custom-datasets-for-Object-Detection--master\dataset\images\237.jpg,450,239,522,261,Scratch
C:\Keras-retinanet-Training-on-custom-datasets-for-Object-Detection--master\dataset\images\237.jpg,590,232,614,250,Pierced
C:\Keras-retinanet-Training-on-custom-datasets-for-Object-Detection--master\dataset\images\237.jpg,768,182,795,201,Pierced
C:\Keras-retinanet-Training-on-custom-datasets-for-Object-Detection--master\dataset\images\23.jpg,448,311,503,393,Pitting
C:\Keras-retinanet-Training-on-custom-datasets-for-Object-Detection--master\dataset\images\43.jpg,744,354,881,400,Scratch
C:\Keras-retinanet-Training-on-custom-datasets-for-Object-Detection--master\dataset\images\43.jpg,69,405,99,423,Pierced
C:\Keras-retinanet-Training-on-custom-datasets-for-Object-Detection--master\dataset\images\43.jpg,195,387,220,405,Pierced
C:\Keras-retinanet-Training-on-custom-datasets-for-Object-Detection--master\dataset\images\268.jpg,358,299,695,399,Scratch
C:\Keras-retinanet-Training-on-custom-datasets-for-Object-Detection--master\dataset\images\242.jpg,624,297,755,332,Scratch
C:\Keras-retinanet-Training-on-custom-datasets-for-Object-Detection--master\dataset\images\242.jpg,58,271,87,290,Pierced
C:\Keras-retinanet-Training-on-custom-datasets-for-Object-Detection--master\dataset\images\214.jpg,466,297,495,314,Pitting
C:\Keras-retinanet-Training-on-custom-datasets-for-Object-Detection--master\dataset\images\214.jpg,634,215,980,318,Scratch
C:\Keras-retinanet-Training-on-custom-datasets-for-Object-Detection--master\dataset\images\214.jpg,512,320,538,340,Pierced
C:\Keras-retinanet-Training-on-custom-datasets-for-Object-Detection--master\dataset\images\214.jpg,531,299,561,318,Pierced
C:\Keras-retinanet-Training-on-custom-datasets-for-Object-Detection--master\dataset\images\214.jpg,479,324,502,346,Pierced
C:\Keras-retinanet-Training-on-custom-datasets-for-Object-Detection--master\dataset\images\214.jpg,443,321,469,344,Pierced
C:\Keras-retinanet-Training-on-custom-datasets-for-Object-Detection--master\dataset\images\214.jpg,483,305,506,319,Pierced
C:\Keras-retinanet-Training-on-custom-datasets-for-Object-Detection--master\dataset\images\198.jpg,379,275,522,402,Pitting
C:\Keras-retinanet-Training-on-custom-datasets-for-Object-Detection--master\dataset\images\198.jpg,667,446,689,467,Pierced
C:\Keras-retinanet-Training-on-custom-datasets-for-Object-Detection--master\dataset\images\198.jpg,775,505,799,522,Pierced
C:\Keras-retinanet-Training-on-custom-datasets-for-Object-Detection--master\dataset\images\198.jpg,732,487,756,502,Pierced
C:\Keras-retinanet-Training-on-custom-datasets-for-Object-Detection--master\dataset\images\198.jpg,701,481,719,494,Pierced
C:\Keras-retinanet-Training-on-custom-datasets-for-Object-Detection--master\dataset\images\198.jpg,665,458,736,501,Scratch
C:\Keras-retinanet-Training-on-custom-datasets-for-Object-Detection--master\dataset\images\251.jpg,485,317,503,340,Pierced
C:\Keras-retinanet-Training-on-custom-datasets-for-Object-Detection--master\dataset\images\251.jpg,352,324,377,344,Pierced
C:\Keras-retinanet-Training-on-custom-datasets-for-Object-Detection--master\dataset\images\152.jpg,276,460,311,483,Pierced
C:\Keras-retinanet-Training-on-custom-datasets-for-Object-Detection--master\dataset\images\152.jpg,669,259,770,335,Scratch
C:\Keras-retinanet-Training-on-custom-datasets-for-Object-Detection--master\dataset\images\210.jpg,147,266,191,296,Pitting
C:\Keras-retinanet-Training-on-custom-datasets-for-Object-Detection--master\dataset\images\210.jpg,221,294,245,307,Pierced
C:\Keras-retinanet-Training-on-custom-datasets-for-Object-Detection--master\dataset\images\210.jpg,193,305,218,325,Pierced
C:\Keras-retinanet-Training-on-custom-datasets-for-Object-Detection--master\dataset\images\210.jpg,160,303,186,320,Pierced
C:\Keras-retinanet-Training-on-custom-datasets-for-Object-Detection--master\dataset\images\210.jpg,126,289,151,310,Pierced
C:\Keras-retinanet-Training-on-custom-datasets-for-Object-Detection--master\dataset\images\210.jpg,318,319,675,347,Scratch
C:\Keras-retinanet-Training-on-custom-datasets-for-Object-Detection--master\dataset\images\210.jpg,168,282,190,297,Pierced
C:\Keras-retinanet-Training-on-custom-datasets-for-Object-Detection--master\dataset\images\263.jpg,287,358,650,498,Scratch
C:\Keras-retinanet-Training-on-custom-datasets-for-Object-Detection--master\dataset\images\92.jpg,272,509,320,536,Scratch
C:\Keras-retinanet-Training-on-custom-datasets-for-Object-Detection--master\dataset\images\92.jpg,740,428,828,462,Scratch
C:\Keras-retinanet-Training-on-custom-datasets-for-Object-Detection--master\dataset\images\147.jpg,296,266,337,296,Pierced
C:\Keras-retinanet-Training-on-custom-datasets-for-Object-Detection--master\dataset\images\147.jpg,721,252,850,306,Scratch
C:\Keras-retinanet-Training-on-custom-datasets-for-Object-Detection--master\dataset\images\271.jpg,385,326,786,356,Scratch
C:\Keras-retinanet-Training-on-custom-datasets-for-Object-Detection--master\dataset\images\9.jpg,239,298,287,324,Scratch
C:\Keras-retinanet-Training-on-custom-datasets-for-Object-Detection--master\dataset\images\9.jpg,566,313,632,338,Scratch
C:\Keras-retinanet-Training-on-custom-datasets-for-Object-Detection--master\dataset\images\183.jpg,337,156,379,186,Scratch
C:\Keras-retinanet-Training-on-custom-datasets-for-Object-Detection--master\dataset\images\183.jpg,799,83,893,103,Scratch
C:\Keras-retinanet-Training-on-custom-datasets-for-Object-Detection--master\dataset\images\298.jpg,603,199,963,347,Scratch
C:\Keras-retinanet-Training-on-custom-datasets-for-Object-Detection--master\dataset\images\298.jpg,419,324,460,366,Scratch
C:\Keras-retinanet-Training-on-custom-datasets-for-Object-Detection--master\dataset\images\298.jpg,395,358,429,391,Scratch
C:\Keras-retinanet-Training-on-custom-datasets-for-Object-Detection--master\dataset\images\298.jpg,281,367,322,414,Scratch
C:\Keras-retinanet-Training-on-custom-datasets-for-Object-Detection--master\dataset\images\298.jpg,260,403,285,427,Pierced
C:\Keras-retinanet-Training-on-custom-datasets-for-Object-Detection--master\dataset\images\298.jpg,320,381,349,399,Pierced
C:\Keras-retinanet-Training-on-custom-datasets-for-Object-Detection--master\dataset\images\298.jpg,334,359,358,381,Pierced
C:\Keras-retinanet-Training-on-custom-datasets-for-Object-Detection--master\dataset\images\298.jpg,354,373,379,395,Pierced
C:\Keras-retinanet-Training-on-custom-datasets-for-Object-Detection--master\dataset\images\298.jpg,378,374,408,393,Pierced
C:\Keras-retinanet-Training-on-custom-datasets-for-Object-Detection--master\dataset\images\45.jpg,287,389,403,430,Scratch
C:\Keras-retinanet-Training-on-custom-datasets-for-Object-Detection--master\dataset\images\45.jpg,422,430,450,451,Pierced
C:\Keras-retinanet-Training-on-custom-datasets-for-Object-Detection--master\dataset\images\45.jpg,479,428,511,442,Pierced
C:\Keras-retinanet-Training-on-custom-datasets-for-Object-Detection--master\dataset\images\161.jpg,144,395,203,409,Scratch
C:\Keras-retinanet-Training-on-custom-datasets-for-Object-Detection--master\dataset\images\279.jpg,369,337,447,401,Scratch
C:\Keras-retinanet-Training-on-custom-datasets-for-Object-Detection--master\dataset\images\279.jpg,453,426,479,445,Pierced
C:\Keras-retinanet-Training-on-custom-datasets-for-Object-Detection--master\dataset\images\279.jpg,517,456,546,476,Pierced
C:\Keras-retinanet-Training-on-custom-datasets-for-Object-Detection--master\dataset\images\204.jpg,415,338,554,434,Pitting
C:\Keras-retinanet-Training-on-custom-datasets-for-Object-Detection--master\dataset\images\204.jpg,714,313,736,334,Pierced
C:\Keras-retinanet-Training-on-custom-datasets-for-Object-Detection--master\dataset\images\204.jpg,759,320,783,335,Pierced
C:\Keras-retinanet-Training-on-custom-datasets-for-Object-Detection--master\dataset\images\204.jpg,787,303,809,319,Pierced
C:\Keras-retinanet-Training-on-custom-datasets-for-Object-Detection--master\dataset\images\204.jpg,833,287,854,305,Pierced
C:\Keras-retinanet-Training-on-custom-datasets-for-Object-Detection--master\dataset\images\204.jpg,734,292,774,363,Scratch
C:\Keras-retinanet-Training-on-custom-datasets-for-Object-Detection--master\dataset\images\287.jpg,451,78,572,164,Pitting
C:\Keras-retinanet-Training-on-custom-datasets-for-Object-Detection--master\dataset\images\260.jpg,323,370,683,436,Scratch
C:\Keras-retinanet-Training-on-custom-datasets-for-Object-Detection--master\dataset\images\39.jpg,618,401,753,422,Scratch
C:\Keras-retinanet-Training-on-custom-datasets-for-Object-Detection--master\dataset\images\226.jpg,232,321,341,376,Pitting
C:\Keras-retinanet-Training-on-custom-datasets-for-Object-Detection--master\dataset\images\226.jpg,458,285,485,301,Pierced
C:\Keras-retinanet-Training-on-custom-datasets-for-Object-Detection--master\dataset\images\226.jpg,547,233,599,312,Scratch
C:\Keras-retinanet-Training-on-custom-datasets-for-Object-Detection--master\dataset\images\226.jpg,582,225,607,282,Scratch
C:\Keras-retinanet-Training-on-custom-datasets-for-Object-Detection--master\dataset\images\209.jpg,182,319,202,339,Pierced
C:\Keras-retinanet-Training-on-custom-datasets-for-Object-Detection--master\dataset\images\209.jpg,148,307,169,325,Pierced
C:\Keras-retinanet-Training-on-custom-datasets-for-Object-Detection--master\dataset\images\209.jpg,213,319,236,340,Pierced
C:\Keras-retinanet-Training-on-custom-datasets-for-Object-Detection--master\dataset\images\209.jpg,233,303,261,325,Pierced
C:\Keras-retinanet-Training-on-custom-datasets-for-Object-Detection--master\dataset\images\209.jpg,167,287,213,315,Pitting
C:\Keras-retinanet-Training-on-custom-datasets-for-Object-Detection--master\dataset\images\209.jpg,185,299,207,313,Pierced
C:\Keras-retinanet-Training-on-custom-datasets-for-Object-Detection--master\dataset\images\209.jpg,335,318,695,346,Scratch
C:\Keras-retinanet-Training-on-custom-datasets-for-Object-Detection--master\dataset\images\259.jpg,324,360,703,386,Scratch
C:\Keras-retinanet-Training-on-custom-datasets-for-Object-Detection--master\dataset\images\52.jpg,495,364,669,424,Pitting
C:\Keras-retinanet-Training-on-custom-datasets-for-Object-Detection--master\dataset\images\73.jpg,420,378,444,423,Scratch
C:\Keras-retinanet-Training-on-custom-datasets-for-Object-Detection--master\dataset\images\73.jpg,603,322,665,364,Scratch
C:\Keras-retinanet-Training-on-custom-datasets-for-Object-Detection--master\dataset\images\88.jpg,305,516,354,546,Scratch
C:\Keras-retinanet-Training-on-custom-datasets-for-Object-Detection--master\dataset\images\88.jpg,730,338,824,374,Scratch
C:\Keras-retinanet-Training-on-custom-datasets-for-Object-Detection--master\dataset\images\232.jpg,5,193,158,234,Pitting
C:\Keras-retinanet-Training-on-custom-datasets-for-Object-Detection--master\dataset\images\232.jpg,373,200,444,232,Scratch
C:\Keras-retinanet-Training-on-custom-datasets-for-Object-Detection--master\dataset\images\232.jpg,515,219,538,238,Pierced
C:\Keras-retinanet-Training-on-custom-datasets-for-Object-Detection--master\dataset\images\232.jpg,702,207,726,228,Pierced
C:\Keras-retinanet-Training-on-custom-datasets-for-Object-Detection--master\dataset\images\230.jpg,67,288,210,331,Pitting
C:\Keras-retinanet-Training-on-custom-datasets-for-Object-Detection--master\dataset\images\230.jpg,417,303,488,336,Scratch
C:\Keras-retinanet-Training-on-custom-datasets-for-Object-Detection--master\dataset\images\230.jpg,557,328,581,346,Pierced
C:\Keras-retinanet-Training-on-custom-datasets-for-Object-Detection--master\dataset\images\230.jpg,742,321,765,339,Pierced
C:\Keras-retinanet-Training-on-custom-datasets-for-Object-Detection--master\dataset\images\70.jpg,654,440,769,487,Scratch
C:\Keras-retinanet-Training-on-custom-datasets-for-Object-Detection--master\dataset\images\119.jpg,568,409,648,431,Scratch
C:\Keras-retinanet-Training-on-custom-datasets-for-Object-Detection--master\dataset\images\119.jpg,237,466,378,515,Pitting
C:\Keras-retinanet-Training-on-custom-datasets-for-Object-Detection--master\dataset\images\119.jpg,703,399,732,418,Pierced
C:\Keras-retinanet-Training-on-custom-datasets-for-Object-Detection--master\dataset\images\119.jpg,880,346,900,362,Pierced
C:\Keras-retinanet-Training-on-custom-datasets-for-Object-Detection--master\dataset\images\139.jpg,591,316,790,348,Scratch
C:\Keras-retinanet-Training-on-custom-datasets-for-Object-Detection--master\dataset\images\8.jpg,558,334,638,364,Scratch
C:\Keras-retinanet-Training-on-custom-datasets-for-Object-Detection--master\dataset\images\8.jpg,240,348,281,376,Scratch
C:\Keras-retinanet-Training-on-custom-datasets-for-Object-Detection--master\dataset\images\246.jpg,69,352,93,365,Pierced
C:\Keras-retinanet-Training-on-custom-datasets-for-Object-Detection--master\dataset\images\246.jpg,622,366,749,395,Scratch
C:\Keras-retinanet-Training-on-custom-datasets-for-Object-Detection--master\dataset\images\146.jpg,162,470,185,486,Pierced
C:\Keras-retinanet-Training-on-custom-datasets-for-Object-Detection--master\dataset\images\146.jpg,274,395,326,427,Pitting
C:\Keras-retinanet-Training-on-custom-datasets-for-Object-Detection--master\dataset\images\146.jpg,481,301,503,350,Scratch
C:\Keras-retinanet-Training-on-custom-datasets-for-Object-Detection--master\dataset\images\302.jpg,277,305,295,324,Pierced
C:\Keras-retinanet-Training-on-custom-datasets-for-Object-Detection--master\dataset\images\302.jpg,209,288,230,305,Pierced
C:\Keras-retinanet-Training-on-custom-datasets-for-Object-Detection--master\dataset\images\302.jpg,175,276,199,294,Pierced
C:\Keras-retinanet-Training-on-custom-datasets-for-Object-Detection--master\dataset\images\302.jpg,190,297,212,315,Pierced
C:\Keras-retinanet-Training-on-custom-datasets-for-Object-Detection--master\dataset\images\302.jpg,91,258,126,291,Scratch
C:\Keras-retinanet-Training-on-custom-datasets-for-Object-Detection--master\dataset\images\302.jpg,137,250,155,296,Scratch
C:\Keras-retinanet-Training-on-custom-datasets-for-Object-Detection--master\dataset\images\302.jpg,156,265,175,283,Pierced
C:\Keras-retinanet-Training-on-custom-datasets-for-Object-Detection--master\dataset\images\302.jpg,237,295,266,332,Scratch
C:\Keras-retinanet-Training-on-custom-datasets-for-Object-Detection--master\dataset\images\13.jpg,491,318,660,386,Scratch
C:\Keras-retinanet-Training-on-custom-datasets-for-Object-Detection--master\dataset\images\18.jpg,443,305,491,326,Scratch
C:\Keras-retinanet-Training-on-custom-datasets-for-Object-Detection--master\dataset\images\105.jpg,578,352,620,380,Pierced
C:\Keras-retinanet-Training-on-custom-datasets-for-Object-Detection--master\dataset\images\105.jpg,616,360,685,405,Scratch
C:\Keras-retinanet-Training-on-custom-datasets-for-Object-Detection--master\dataset\images\105.jpg,707,355,816,396,Scratch
C:\Keras-retinanet-Training-on-custom-datasets-for-Object-Detection--master\dataset\images\155.jpg,293,512,319,534,Pierced
C:\Keras-retinanet-Training-on-custom-datasets-for-Object-Detection--master\dataset\images\155.jpg,667,279,754,350,Scratch
C:\Keras-retinanet-Training-on-custom-datasets-for-Object-Detection--master\dataset\images\170.jpg,469,252,528,270,Scratch
C:\Keras-retinanet-Training-on-custom-datasets-for-Object-Detection--master\dataset\images\170.jpg,620,228,651,248,Pierced
C:\Keras-retinanet-Training-on-custom-datasets-for-Object-Detection--master\dataset\images\170.jpg,784,162,803,181,Pierced
C:\Keras-retinanet-Training-on-custom-datasets-for-Object-Detection--master\dataset\images\269.jpg,340,301,703,390,Scratch
C:\Keras-retinanet-Training-on-custom-datasets-for-Object-Detection--master\dataset\images\58.jpg,501,313,546,379,Scratch
C:\Keras-retinanet-Training-on-custom-datasets-for-Object-Detection--master\dataset\images\58.jpg,526,296,571,352,Scratch
C:\Keras-retinanet-Training-on-custom-datasets-for-Object-Detection--master\dataset\images\116.jpg,225,357,380,409,Pitting
C:\Keras-retinanet-Training-on-custom-datasets-for-Object-Detection--master\dataset\images\116.jpg,711,428,739,450,Pierced
C:\Keras-retinanet-Training-on-custom-datasets-for-Object-Detection--master\dataset\images\116.jpg,894,434,921,454,Pierced
C:\Keras-retinanet-Training-on-custom-datasets-for-Object-Detection--master\dataset\images\116.jpg,585,393,655,439,Scratch
C:\Keras-retinanet-Training-on-custom-datasets-for-Object-Detection--master\dataset\images\177.jpg,310,120,334,159,Scratch
C:\Keras-retinanet-Training-on-custom-datasets-for-Object-Detection--master\dataset\images\177.jpg,742,291,825,331,Scratch
C:\Keras-retinanet-Training-on-custom-datasets-for-Object-Detection--master\dataset\images\99.jpg,683,300,773,347,Scratch
C:\Keras-retinanet-Training-on-custom-datasets-for-Object-Detection--master\dataset\images\99.jpg,593,326,651,365,Scratch
C:\Keras-retinanet-Training-on-custom-datasets-for-Object-Detection--master\dataset\images\99.jpg,548,332,576,353,Pierced
C:\Keras-retinanet-Training-on-custom-datasets-for-Object-Detection--master\dataset\images\15.jpg,420,434,587,521,Scratch
C:\Keras-retinanet-Training-on-custom-datasets-for-Object-Detection--master\dataset\images\162.jpg,431,203,491,234,Scratch
C:\Keras-retinanet-Training-on-custom-datasets-for-Object-Detection--master\dataset\images\238.jpg,86,286,239,342,Pitting
C:\Keras-retinanet-Training-on-custom-datasets-for-Object-Detection--master\dataset\images\238.jpg,434,250,505,275,Scratch
C:\Keras-retinanet-Training-on-custom-datasets-for-Object-Detection--master\dataset\images\238.jpg,574,248,601,264,Pierced
C:\Keras-retinanet-Training-on-custom-datasets-for-Object-Detection--master\dataset\images\238.jpg,751,205,784,219,Pierced
C:\Keras-retinanet-Training-on-custom-datasets-for-Object-Detection--master\dataset\images\181.jpg,318,194,355,220,Scratch
C:\Keras-retinanet-Training-on-custom-datasets-for-Object-Detection--master\dataset\images\181.jpg,781,224,856,242,Scratch
C:\Keras-retinanet-Training-on-custom-datasets-for-Object-Detection--master\dataset\images\182.jpg,334,221,385,251,Scratch
C:\Keras-retinanet-Training-on-custom-datasets-for-Object-Detection--master\dataset\images\182.jpg,801,167,876,179,Scratch
C:\Keras-retinanet-Training-on-custom-datasets-for-Object-Detection--master\dataset\images\256.jpg,340,361,367,379,Pierced
C:\Keras-retinanet-Training-on-custom-datasets-for-Object-Detection--master\dataset\images\256.jpg,467,320,489,338,Pierced
C:\Keras-retinanet-Training-on-custom-datasets-for-Object-Detection--master\dataset\images\145.jpg,161,416,186,431,Pierced
C:\Keras-retinanet-Training-on-custom-datasets-for-Object-Detection--master\dataset\images\145.jpg,281,362,330,392,Pitting
C:\Keras-retinanet-Training-on-custom-datasets-for-Object-Detection--master\dataset\images\145.jpg,496,295,525,338,Scratch
C:\Keras-retinanet-Training-on-custom-datasets-for-Object-Detection--master\dataset\images\240.jpg,54,319,210,352,Pitting
C:\Keras-retinanet-Training-on-custom-datasets-for-Object-Detection--master\dataset\images\240.jpg,397,300,488,332,Scratch
C:\Keras-retinanet-Training-on-custom-datasets-for-Object-Detection--master\dataset\images\240.jpg,548,310,579,328,Pierced
C:\Keras-retinanet-Training-on-custom-datasets-for-Object-Detection--master\dataset\images\240.jpg,733,284,758,303,Pierced
C:\Keras-retinanet-Training-on-custom-datasets-for-Object-Detection--master\dataset\images\108.jpg,133,338,162,364,Pierced
C:\Keras-retinanet-Training-on-custom-datasets-for-Object-Detection--master\dataset\images\108.jpg,162,350,227,413,Scratch
C:\Keras-retinanet-Training-on-custom-datasets-for-Object-Detection--master\dataset\images\108.jpg,262,373,348,426,Scratch
C:\Keras-retinanet-Training-on-custom-datasets-for-Object-Detection--master\dataset\images\108.jpg,626,461,659,521,Scratch
C:\Keras-retinanet-Training-on-custom-datasets-for-Object-Detection--master\dataset\images\108.jpg,702,491,732,513,Pierced
C:\Keras-retinanet-Training-on-custom-datasets-for-Object-Detection--master\dataset\images\108.jpg,782,507,811,532,Pierced
C:\Keras-retinanet-Training-on-custom-datasets-for-Object-Detection--master\dataset\images\108.jpg,394,403,544,503,Pitting
C:\Keras-retinanet-Training-on-custom-datasets-for-Object-Detection--master\dataset\images\295.jpg,732,429,1024,530,Scratch
C:\Keras-retinanet-Training-on-custom-datasets-for-Object-Detection--master\dataset\images\295.jpg,577,352,606,399,Scratch
C:\Keras-retinanet-Training-on-custom-datasets-for-Object-Detection--master\dataset\images\295.jpg,430,318,465,362,Scratch
C:\Keras-retinanet-Training-on-custom-datasets-for-Object-Detection--master\dataset\images\295.jpg,542,362,558,396,Scratch
C:\Keras-retinanet-Training-on-custom-datasets-for-Object-Detection--master\dataset\images\295.jpg,395,335,423,351,Pierced
C:\Keras-retinanet-Training-on-custom-datasets-for-Object-Detection--master\dataset\images\295.jpg,461,350,488,366,Pierced
C:\Keras-retinanet-Training-on-custom-datasets-for-Object-Detection--master\dataset\images\295.jpg,485,339,511,356,Pierced
C:\Keras-retinanet-Training-on-custom-datasets-for-Object-Detection--master\dataset\images\295.jpg,494,358,520,376,Pierced
C:\Keras-retinanet-Training-on-custom-datasets-for-Object-Detection--master\dataset\images\295.jpg,518,367,540,385,Pierced
C:\Keras-retinanet-Training-on-custom-datasets-for-Object-Detection--master\dataset\images\282.jpg,485,227,576,290,Scratch
C:\Keras-retinanet-Training-on-custom-datasets-for-Object-Detection--master\dataset\images\282.jpg,601,201,623,226,Pierced
C:\Keras-retinanet-Training-on-custom-datasets-for-Object-Detection--master\dataset\images\282.jpg,648,154,667,175,Pierced
C:\Keras-retinanet-Training-on-custom-datasets-for-Object-Detection--master\dataset\images\218.jpg,427,338,446,360,Pierced
C:\Keras-retinanet-Training-on-custom-datasets-for-Object-Detection--master\dataset\images\218.jpg,463,347,485,365,Pierced
C:\Keras-retinanet-Training-on-custom-datasets-for-Object-Detection--master\dataset\images\218.jpg,495,343,520,362,Pierced
C:\Keras-retinanet-Training-on-custom-datasets-for-Object-Detection--master\dataset\images\218.jpg,518,320,542,337,Pierced
C:\Keras-retinanet-Training-on-custom-datasets-for-Object-Detection--master\dataset\images\218.jpg,470,318,487,342,Pierced
C:\Keras-retinanet-Training-on-custom-datasets-for-Object-Detection--master\dataset\images\218.jpg,614,270,949,347,Scratch
C:\Keras-retinanet-Training-on-custom-datasets-for-Object-Detection--master\dataset\images\10.jpg,187,437,246,469,Pitting
C:\Keras-retinanet-Training-on-custom-datasets-for-Object-Detection--master\dataset\images\10.jpg,490,338,579,376,Scratch
C:\Keras-retinanet-Training-on-custom-datasets-for-Object-Detection--master\dataset\images\24.jpg,549,387,596,463,Pitting
C:\Keras-retinanet-Training-on-custom-datasets-for-Object-Detection--master\dataset\images\151.jpg,352,287,381,314,Pierced
C:\Keras-retinanet-Training-on-custom-datasets-for-Object-Detection--master\dataset\images\151.jpg,762,404,874,443,Scratch
C:\Keras-retinanet-Training-on-custom-datasets-for-Object-Detection--master\dataset\images\185.jpg,435,234,477,280,Scratch
C:\Keras-retinanet-Training-on-custom-datasets-for-Object-Detection--master\dataset\images\185.jpg,897,323,983,363,Scratch
C:\Keras-retinanet-Training-on-custom-datasets-for-Object-Detection--master\dataset\images\283.jpg,526,98,545,120,Pierced
C:\Keras-retinanet-Training-on-custom-datasets-for-Object-Detection--master\dataset\images\283.jpg,484,155,509,176,Pierced
C:\Keras-retinanet-Training-on-custom-datasets-for-Object-Detection--master\dataset\images\283.jpg,380,185,461,256,Scratch
C:\Keras-retinanet-Training-on-custom-datasets-for-Object-Detection--master\dataset\images\267.jpg,338,238,695,380,Scratch
C:\Keras-retinanet-Training-on-custom-datasets-for-Object-Detection--master\dataset\images\144.jpg,93,471,146,508,Pitting
C:\Keras-retinanet-Training-on-custom-datasets-for-Object-Detection--master\dataset\images\144.jpg,309,413,334,456,Scratch
C:\Keras-retinanet-Training-on-custom-datasets-for-Object-Detection--master\dataset\images\213.jpg,536,162,880,298,Scratch
C:\Keras-retinanet-Training-on-custom-datasets-for-Object-Detection--master\dataset\images\213.jpg,438,284,456,306,Pierced
C:\Keras-retinanet-Training-on-custom-datasets-for-Object-Detection--master\dataset\images\213.jpg,416,305,436,330,Pierced
C:\Keras-retinanet-Training-on-custom-datasets-for-Object-Detection--master\dataset\images\213.jpg,380,319,407,339,Pierced
C:\Keras-retinanet-Training-on-custom-datasets-for-Object-Detection--master\dataset\images\213.jpg,348,319,371,339,Pierced
C:\Keras-retinanet-Training-on-custom-datasets-for-Object-Detection--master\dataset\images\213.jpg,385,295,405,313,Pierced
C:\Keras-retinanet-Training-on-custom-datasets-for-Object-Detection--master\dataset\images\213.jpg,367,289,399,309,Pitting
C:\Keras-retinanet-Training-on-custom-datasets-for-Object-Detection--master\dataset\images\156.jpg,668,283,746,351,Scratch
C:\Keras-retinanet-Training-on-custom-datasets-for-Object-Detection--master\dataset\images\156.jpg,291,514,321,532,Pierced
C:\Keras-retinanet-Training-on-custom-datasets-for-Object-Detection--master\dataset\images\141.jpg,103,299,130,324,Pierced
C:\Keras-retinanet-Training-on-custom-datasets-for-Object-Detection--master\dataset\images\141.jpg,501,291,530,312,Pierced
C:\Keras-retinanet-Training-on-custom-datasets-for-Object-Detection--master\dataset\images\141.jpg,631,279,689,312,Pitting
C:\Keras-retinanet-Training-on-custom-datasets-for-Object-Detection--master\dataset\images\141.jpg,850,272,886,322,Scratch
C:\Keras-retinanet-Training-on-custom-datasets-for-Object-Detection--master\dataset\images\173.jpg,622,195,650,231,Scratch
C:\Keras-retinanet-Training-on-custom-datasets-for-Object-Detection--master\dataset\images\173.jpg,814,226,870,248,Scratch
C:\Keras-retinanet-Training-on-custom-datasets-for-Object-Detection--master\dataset\images\77.jpg,350,422,416,445,Scratch
C:\Keras-retinanet-Training-on-custom-datasets-for-Object-Detection--master\dataset\images\274.jpg,374,378,489,418,Scratch
C:\Keras-retinanet-Training-on-custom-datasets-for-Object-Detection--master\dataset\images\274.jpg,505,417,534,441,Pierced
C:\Keras-retinanet-Training-on-custom-datasets-for-Object-Detection--master\dataset\images\274.jpg,574,418,596,437,Pierced
C:\Keras-retinanet-Training-on-custom-datasets-for-Object-Detection--master\dataset\images\48.jpg,326,364,426,430,Scratch
C:\Keras-retinanet-Training-on-custom-datasets-for-Object-Detection--master\dataset\images\48.jpg,450,350,473,374,Pierced
C:\Keras-retinanet-Training-on-custom-datasets-for-Object-Detection--master\dataset\images\48.jpg,499,310,520,329,Pierced
C:\Keras-retinanet-Training-on-custom-datasets-for-Object-Detection--master\dataset\images\63.jpg,497,286,532,339,Scratch
C:\Keras-retinanet-Training-on-custom-datasets-for-Object-Detection--master\dataset\images\63.jpg,464,300,524,373,Scratch
C:\Keras-retinanet-Training-on-custom-datasets-for-Object-Detection--master\dataset\images\63.jpg,169,416,277,473,Pitting
C:\Keras-retinanet-Training-on-custom-datasets-for-Object-Detection--master\dataset\images\63.jpg,376,358,410,379,Pierced
C:\Keras-retinanet-Training-on-custom-datasets-for-Object-Detection--master\dataset\images\137.jpg,536,397,695,490,Scratch
